{"cameraMode":{"drawMode":0,"name":"Shaded","section":"Shading Mode"},"sceneLighting":false,"audioPlay":false,"sceneViewState":{"showFog":true,"showMaterialUpdate":false,"showSkybox":true,"showFlares":true,"showImageEffects":true,"showParticleSystems":true},"in2DMode":false,"pivot":{"x":-3.3745861053466799,"y":-0.7976152896881104,"z":-0.5424097776412964},"rotation":{"x":0.25296512246131899,"y":-0.5401509404182434,"z":0.17440184950828553,"w":0.7834728360176086},"size":4.953742504119873,"orthographic":false}